Model,Accuracy,Precision,Recall,F1-Score,ROC-AUC,CV Mean F1,CV Std F1,Training Time (s),Best Params
Logistic Regression,0.9585,0.26548672566371684,1.0,0.4195804195804196,0.9926903553299493,0.4214195219205796,0.030151268793366087,122.4533634185791,"{'C': 10, 'solver': 'liblinear'}"
Decision Tree,0.9995,0.967741935483871,1.0,0.9836065573770492,0.9997461928934009,0.9165783926218708,0.05216132778302178,6.019307851791382,"{'max_depth': 10, 'min_samples_split': 2}"
Random Forest,0.994,1.0,0.6,0.75,0.9998984771573605,0.6159103641456583,0.0520780649596351,86.18448114395142,"{'max_depth': 10, 'n_estimators': 100}"
Gradient Boosting,0.9995,0.967741935483871,1.0,0.9836065573770492,1.0,0.9468186747689854,0.041894456319980115,717.0000712871552,"{'learning_rate': 0.1, 'max_depth': 5, 'n_estimators': 200}"
AdaBoost,1.0,1.0,1.0,1.0,1.0,0.9957446808510639,0.008510638297872354,264.7727909088135,"{'learning_rate': 0.5, 'n_estimators': 100}"
Extra Trees,0.994,0.75,0.9,0.8181818181818182,0.9981049069373942,0.4725448028673835,0.07863593440485933,358.16407680511475,"{'max_depth': 10, 'n_estimators': 200}"
SVM,0.9915,0.6756756756756757,0.8333333333333334,0.746268656716418,0.9941962774957699,0.6970765027322404,0.027547074907529875,1128.8543202877045,"{'C': 10, 'gamma': 'scale', 'kernel': 'rbf'}"
K-Nearest Neighbors,0.9875,0.6190476190476191,0.43333333333333335,0.5098039215686274,0.894839255499154,0.3442125237191651,0.1175956305540148,40.65400981903076,"{'n_neighbors': 3, 'weights': 'distance'}"
