accuracy,f1,recall,precision,roc_auc,model,train_time_sec
0.85,0.7692307692307693,0.7894736842105263,0.75,0.9345314505776636,GradBoost,0.325
0.85,0.8,0.9473684210526315,0.6923076923076923,0.9306803594351734,LogisticRegression,0.111
0.85,0.7428571428571429,0.6842105263157895,0.8125,0.9216944801026957,RandomForest,0.337
0.8,0.7142857142857143,0.7894736842105263,0.6521739130434783,0.9152759948652117,XGBoost,0.089
0.8,0.7272727272727273,0.8421052631578947,0.64,0.9088575096277278,SVC,0.036
0.8833333333333333,0.8,0.7368421052631579,0.875,0.9043645699614891,ExtraTrees,0.291
0.8166666666666667,0.7441860465116279,0.8421052631578947,0.6666666666666666,0.8985879332477535,LightGBM,0.049
0.7166666666666667,0.6222222222222222,0.7368421052631579,0.5384615384615384,0.8228498074454429,KNN,0.027
