accuracy,f1,recall,precision,roc_auc,model
0.8333333333333334,0.6875,0.5789473684210527,0.8461538461538461,0.8806161745827985,RandomForest
0.8333333333333334,0.7222222222222222,0.6842105263157895,0.7647058823529411,0.8793324775353017,LogisticRegression
0.8166666666666667,0.6857142857142857,0.631578947368421,0.75,0.8626444159178435,GradBoost
